Bob, VolksWagon, HQW 234, India, 2009, 2013
Ed, Facebook, 123HDA, India, 1974, Inf
Ada, IBM, 980LGD, Canada, 1974, 1987
Jo, VolksWagon, GGG123, India, 2000, 2014
Rob, VolksWagon, LLL543, Germany, 1997, Inf
Lee, VolksWagon, 765HSQ, India, 2011, 2011
Will, Intel, H2Q 1XJ, Canada, 2004, Inf
Jo, ALD, 14228, France, 1983, 1996
Bob, Intel, LLL543, USA, 2008, Inf
Ed, VolksWagon, 14226, Canada, 1986, Inf
Bob, ALD, 999HCS, France, 2005, Inf
Ed, Intel, 456789, India, 1996, 2000
Bee, ALD, 980LGD, France, 1993, 2011
Jo, VolksWagon, ATT HVX, India, 1968, 1981
Lee, Google, 123HDA, USA, 1960, Inf
Ed, VolksWagon, H2Q 1XJ, India, 2008, 2016
Lee, Google, LLL543, France, 2014, 2016
Ali, IBM, HQW 234, India, 1998, Inf
Ali, Intel, 123HDA, USA, 1978, 2012
Will, VolksWagon, 123HDA, France, 1971, Inf
Bob, Facebook, 456789, India, 1961, Inf
Bill, Intel, 999HCS, France, 1975, Inf
Bill, Google, LLL543, Canada, 2007, 2009
Rob, ALD, 14226, India, 2014, 2019
Ali, ALD, 567890776, France, 1996, 2013
Bill, ALD, HQW 234, Canada, 1979, 2006
Bill, Intel, 71653452, France, 2005, 2014
Ada, IBM, 567890776, France, 1990, Inf
Bill, Intel, 456789, France, 1978, Inf
Bill, Facebook, H3H 11Q, Germany, 1988, 2007
Bill, Intel, H2Q 1XJ, France, 2010, 2018
Ali, ALD, 980LGD, France, 1961, 1979
Bill, Google, 71653452, Canada, 1982, Inf
Ed, VolksWagon, YTR IQW, France, 2000, 2015
Bob, IBM, LLL543, Germany, 1999, 2015
Jo, Google, ATT HVX, India, 1977, 1984
Bob, Intel, GGG123, Canada, 1988, Inf
Jo, ALD, 765HSQ, Germany, 2010, Inf
Bill, VolksWagon, H3H 11Q, India, 2004, Inf
Bob, ALD, 654322123, India, 1975, Inf
Bee, ALD, H3H 11Q, Canada, 1973, 1998
Ada, IBM, 8F8HUi, Germany, 1972, 1998
Ali, ALD, 98JHDR, India, 1995, 2009
Bill, Facebook, 765HSQ, India, 2011, 2019
Will, VolksWagon, HQW 234, Canada, 1963, Inf
Bee, Facebook, 14221, France, 1975, Inf
Ed, Google, 14228, USA, 2015, Inf
Bee, Intel, 765HSQ, Canada, 2012, 2018
Ada, Intel, H2Q 1XJ, India, 1980, Inf
Lee, IBM, 654322123, France, 1987, 2013
Bee, IBM, 98JHDR, USA, 1989, 1998
Bob, Facebook, HQW 234, Canada, 1980, Inf
Ed, ALD, 654322123, USA, 1993, Inf
Ali, Google, 567890776, Germany, 1992, Inf
Jo, Intel, LLL543, Germany, 2009, 2010
Bee, IBM, 8F8HUi, USA, 1985, Inf
Will, VolksWagon, 98JHDR, USA, 1997, 1997
Ed, VolksWagon, SAW432, Canada, 2018, Inf
Ali, Google, 654322123, France, 2010, Inf
Ali, Intel, LLL543, India, 1985, Inf
Will, VolksWagon, 98JHDR, USA, 2011, Inf
Bill, IBM, 14228, Germany, 1983, Inf
Ada, IBM, 980LGD, France, 1970, 2016
Lee, Google, 999HCS, Germany, 1960, 2000
Ed, Intel, 980LGD, Germany, 1999, Inf
Bob, IBM, GGG123, India, 2019, 2019
Ed, IBM, 654322123, Canada, 1977, 2015
Ada, Facebook, 14228, India, 1965, 1987
Ali, VolksWagon, GGG123, Canada, 1995, 2010
Jo, ALD, GGG123, France, 2001, Inf
Bill, VolksWagon, 765HSQ, Canada, 1993, 1998
Will, Google, 14221, Germany, 1972, 1977
Lee, VolksWagon, 71653452, India, 1962, 1977
Ed, Intel, HQW 234, India, 2012, Inf
Lee, IBM, H2Q 1XJ, Canada, 1976, 1996
Bob, IBM, LLL543, France, 1960, Inf
Bee, VolksWagon, 567890776, Canada, 1965, Inf
Ada, VolksWagon, 14221, France, 1989, 1992
Bee, VolksWagon, 98JHDR, Canada, 1996, 2005
Bill, Facebook, 765HSQ, France, 1983, Inf
Bill, Intel, 14221, Germany, 1963, 2002
Bob, IBM, SAW432, Germany, 2001, 2006
Bee, VolksWagon, 999HCS, Canada, 1999, Inf
Ada, Google, SAW432, France, 1992, Inf
Ed, ALD, 123HDA, France, 1967, Inf
Lee, IBM, 999HCS, India, 1999, Inf
Will, Intel, 71653452, India, 1980, 1985
Rob, Intel, 654322123, India, 1972, Inf
Bob, VolksWagon, ATT HVX, India, 2017, Inf
Lee, ALD, ATT HVX, France, 1981, Inf
Bill, ALD, 123HDA, France, 1968, 2016
Jo, Google, H2Q 1XJ, Canada, 1966, Inf
Will, Facebook, 8F8HUi, Canada, 1979, 2009
Lee, Facebook, 98JHDR, USA, 1996, Inf
Lee, IBM, 980LGD, Canada, 1960, Inf
Bob, IBM, 765HSQ, India, 1972, Inf
Ed, Intel, 456789, Germany, 1970, 1978
Rob, IBM, 456789, France, 1971, 1993
Rob, ALD, ATT HVX, India, 1967, Inf
Rob, VolksWagon, SAW432, India, 1996, 2011
Ada, Intel, HQW 234, Germany, 2004, Inf
Jo, IBM, H3H 11Q, Germany, 2009, Inf
Ali, Google, 14228, USA, 2010, Inf
Will, Google, 567890776, France, 1962, 1966
Rob, VolksWagon, 14228, France, 1986, 1998
Lee, ALD, 14228, France, 1994, 2010
Bill, VolksWagon, H3H 11Q, France, 1968, 2018
Lee, IBM, 71653452, France, 1963, Inf
Bob, VolksWagon, 999HCS, France, 1976, Inf
Lee, Intel, 98JHDR, Germany, 1979, 1990
Bee, VolksWagon, 654322123, Canada, 1976, Inf
Ali, IBM, GGG123, Canada, 2009, 2009
Bee, VolksWagon, 8F8HUi, India, 1966, 1988
Ed, IBM, 999HCS, USA, 1986, Inf
Bee, ALD, 567890776, Canada, 2008, Inf
Bill, ALD, 123HDA, Canada, 1985, 2000
Jo, Google, 14228, USA, 1978, Inf
Ada, Facebook, HQW 234, India, 1975, 2003
Ali, VolksWagon, SAW432, Germany, 2004, Inf
Jo, Facebook, LLL543, Germany, 1996, 2001
Ali, Google, 14226, India, 2007, Inf
Bee, IBM, 567890776, USA, 2003, Inf
Ed, ALD, 71653452, India, 1990, 1995
Rob, Facebook, 14226, Canada, 2004, Inf
Ada, ALD, 654322123, Germany, 2015, Inf
Bob, IBM, 764KHE, Germany, 1984, Inf
Ali, Intel, HQW 234, USA, 1988, Inf
Bee, ALD, 14228, Canada, 1982, Inf
Ed, IBM, H3H 11Q, India, 1977, 2017
Bill, Facebook, SAW432, Canada, 1979, Inf
Bill, IBM, 567890776, France, 1980, 1993
Ed, Facebook, LLL543, France, 1996, Inf
Jo, Google, 764KHE, India, 1980, Inf
Rob, IBM, 764KHE, Germany, 1982, Inf
Rob, Google, 654322123, France, 1965, 2007
Bee, IBM, 123HDA, Germany, 2013, Inf
Ali, VolksWagon, SAW432, India, 2005, Inf
Lee, IBM, 71653452, France, 1989, 1996
Bee, Facebook, 14221, Canada, 1998, 2012
Rob, ALD, 567890776, USA, 1991, Inf
Will, Intel, YTR IQW, France, 1975, Inf
Ada, IBM, 14221, India, 2004, Inf
Ed, Google, 14228, USA, 1964, 1974
Lee, IBM, HQW 234, Germany, 1978, 1984
Ali, ALD, 8F8HUi, India, 2009, 2016
Rob, Google, YTR IQW, France, 1975, Inf
Jo, Facebook, 8F8HUi, Canada, 2009, 2016
Bob, IBM, 654322123, France, 2009, Inf
Ada, IBM, YTR IQW, India, 2007, 2013
Jo, Facebook, LLL543, Germany, 1973, 2010
Bee, Facebook, 980LGD, France, 1989, Inf
Bill, Google, 980LGD, Canada, 2013, 2015
Ada, ALD, 14226, India, 1968, 2010
Ada, IBM, 980LGD, Canada, 2004, 2011
Jo, ALD, HQW 234, Germany, 1982, 1982
Jo, IBM, 123HDA, Germany, 2000, 2009
Ali, VolksWagon, SAW432, Germany, 1960, Inf
Bee, ALD, 765HSQ, Germany, 1961, Inf
Ada, VolksWagon, 8F8HUi, Germany, 2008, Inf
Jo, Facebook, 999HCS, France, 1969, 2013
Ed, IBM, H2Q 1XJ, France, 1976, 1981
Ali, VolksWagon, 98JHDR, France, 2009, Inf
Rob, Google, 8F8HUi, France, 1983, Inf
Bee, IBM, 980LGD, Germany, 1996, Inf
Bob, Google, LLL543, France, 1999, Inf
Bee, ALD, 654322123, Canada, 1962, Inf
Ada, Google, 654322123, USA, 1981, 2015
Rob, IBM, 999HCS, Germany, 1971, Inf
Rob, Intel, 123HDA, Canada, 1968, Inf
Bob, Google, 98JHDR, Canada, 1994, Inf
Lee, Intel, 567890776, Germany, 1986, Inf
Jo, Google, 654322123, Germany, 2017, Inf
Lee, Google, 8F8HUi, India, 2007, 2016
Bill, Intel, YTR IQW, USA, 2011, Inf
Bee, Google, HQW 234, USA, 2012, 2018
Lee, Google, LLL543, France, 1983, 1989
Ali, ALD, H3H 11Q, Germany, 1966, Inf
Lee, Facebook, ATT HVX, India, 1964, 2009
Bill, ALD, H2Q 1XJ, USA, 1993, 2009
Bob, Google, 14226, France, 1980, 1988
Bob, Google, 14228, USA, 1963, 1963
Will, ALD, 14221, Canada, 2008, Inf
Lee, IBM, YTR IQW, India, 1973, Inf
Rob, Intel, 14221, USA, 1990, Inf
Rob, ALD, 456789, Germany, 2005, 2006
Bill, VolksWagon, 654322123, France, 1993, 2017
Bob, VolksWagon, 764KHE, USA, 1996, 2011
Ed, Facebook, H3H 11Q, USA, 2013, 2017
Bob, Google, 123HDA, India, 2011, 2016
Ed, Google, 765HSQ, France, 2006, 2009
Ed, ALD, 98JHDR, India, 2011, 2016
Ali, Intel, 8F8HUi, USA, 2009, Inf
Ed, IBM, 14226, France, 1982, Inf
Ada, Facebook, ATT HVX, USA, 2017, Inf
Ada, Intel, 14228, India, 1977, 2014
Ada, IBM, HQW 234, Germany, 1990, 2013
Will, ALD, 764KHE, France, 2014, Inf
Bee, Intel, 8F8HUi, Germany, 1978, 2012
Bee, Google, LLL543, India, 2018, Inf
Ed, VolksWagon, 654322123, USA, 1969, Inf
Rob, Facebook, SAW432, France, 1962, 2014
Bee, Intel, 123HDA, India, 1960, Inf
Jo, Google, H3H 11Q, USA, 1999, 2016
Ali, IBM, 654322123, France, 2005, 2016
Jo, IBM, H2Q 1XJ, Germany, 1960, Inf
Ada, IBM, HQW 234, India, 2011, 2015
Jo, VolksWagon, LLL543, Canada, 1965, 2013
Ada, VolksWagon, H3H 11Q, Canada, 1971, Inf
Lee, IBM, GGG123, Germany, 1968, Inf
Bill, Intel, YTR IQW, USA, 2010, 2010
Ed, Intel, LLL543, India, 1978, Inf
Bill, ALD, 765HSQ, India, 1974, Inf
Lee, IBM, 456789, USA, 1976, Inf
Bob, ALD, 14228, Germany, 1993, 2005
Ali, IBM, 980LGD, India, 1964, Inf
Lee, ALD, 71653452, USA, 2006, 2011
Jo, Facebook, HQW 234, Canada, 1969, Inf
Bob, Google, 14221, France, 2009, Inf
Lee, Intel, GGG123, USA, 1965, Inf
Bill, Google, H2Q 1XJ, Canada, 1982, 1985
Bob, Google, ATT HVX, Canada, 1982, Inf
Ali, VolksWagon, 765HSQ, France, 2012, 2017
Ali, Google, 999HCS, France, 1963, Inf
Lee, Facebook, H2Q 1XJ, Canada, 2015, Inf
Bob, Facebook, HQW 234, USA, 1967, Inf
Lee, IBM, HQW 234, USA, 2017, 2019
Jo, ALD, 14228, Canada, 1990, Inf
Ed, IBM, 567890776, France, 1990, 1998
Bob, VolksWagon, 14226, France, 1983, Inf
Lee, IBM, ATT HVX, USA, 1974, 1993
Rob, VolksWagon, SAW432, USA, 2008, 2008
Jo, Facebook, 14221, Germany, 2014, Inf
Will, Google, YTR IQW, USA, 2000, 2005
Ada, ALD, 14228, Germany, 2012, Inf
Ali, Facebook, 654322123, India, 2008, Inf
Rob, ALD, SAW432, Canada, 2001, 2013
Bee, VolksWagon, YTR IQW, France, 2006, 2016
Ed, ALD, ATT HVX, USA, 1983, 1987
Ali, ALD, GGG123, India, 1973, Inf
Bee, ALD, 14221, France, 1978, Inf
Bee, ALD, 14228, France, 2009, Inf
Ali, VolksWagon, 14221, India, 1977, Inf
Ada, Intel, H3H 11Q, USA, 1973, 1999
Ali, Intel, LLL543, USA, 1960, 2018
Jo, Google, YTR IQW, France, 1965, 1966
Rob, Google, 980LGD, India, 1970, 2005
Bill, ALD, 567890776, USA, 2017, 2019
Will, ALD, 14226, Germany, 2001, Inf
Ed, Facebook, 456789, USA, 1987, Inf
Lee, Facebook, 456789, India, 1977, 2000
Jo, VolksWagon, 999HCS, France, 1993, Inf
Ada, Google, 98JHDR, Canada, 2010, Inf
Jo, Intel, LLL543, USA, 1999, 2004
Will, ALD, H3H 11Q, Germany, 1981, Inf
Rob, Facebook, 456789, Canada, 2011, Inf
Ali, Facebook, 123HDA, Canada, 1988, Inf
Ada, Google, GGG123, Germany, 2008, Inf
Bee, ALD, 764KHE, Germany, 1976, 2012
Ali, VolksWagon, H2Q 1XJ, USA, 1990, 2009
Will, Google, 14226, Canada, 1993, 2019
Rob, Intel, 764KHE, India, 2019, 2019
Will, Intel, ATT HVX, France, 1965, 1987
Ali, Google, H3H 11Q, Germany, 1974, 2013
Ed, VolksWagon, SAW432, India, 1979, 1987
Jo, Google, 980LGD, France, 2018, Inf
Will, IBM, ATT HVX, USA, 2012, Inf
Jo, Facebook, LLL543, Germany, 1960, Inf
Ali, VolksWagon, 98JHDR, USA, 1991, Inf
Jo, IBM, 765HSQ, Canada, 1988, 2007
Bob, VolksWagon, SAW432, Canada, 2008, 2018
Ali, Facebook, YTR IQW, Germany, 1961, Inf
Will, Google, 8F8HUi, France, 2000, Inf
Bill, Facebook, H2Q 1XJ, Canada, 1983, 2001
Bee, Intel, ATT HVX, Canada, 2010, 2010
Ada, VolksWagon, HQW 234, Canada, 2005, Inf
Jo, Facebook, 71653452, India, 1993, 2014
Ada, Facebook, H2Q 1XJ, France, 1995, 2015
Ada, Intel, 764KHE, France, 1964, Inf
Lee, Facebook, 764KHE, France, 1976, 1991
Ali, IBM, H2Q 1XJ, USA, 2017, Inf
Rob, Google, HQW 234, USA, 2004, 2014
Bill, ALD, 980LGD, Canada, 1969, Inf
Bob, Intel, LLL543, France, 1976, 2005
Bee, Intel, 765HSQ, USA, 1988, Inf
Bill, Google, 8F8HUi, France, 2014, 2015
Bee, ALD, 567890776, India, 2003, 2005
Lee, Google, 980LGD, France, 1990, 2007
Bob, Facebook, 123HDA, Canada, 2018, 2019
Rob, Intel, YTR IQW, Germany, 1974, Inf
Bill, IBM, 14221, India, 1974, 2000
Lee, IBM, H3H 11Q, France, 1974, 2004
Ali, Google, 567890776, France, 1989, Inf
Will, Google, 456789, India, 2016, 2016
Bee, Google, 123HDA, Canada, 2009, 2013
Jo, Google, SAW432, France, 1969, 1980
Bob, IBM, 14221, France, 2007, 2011
Bee, VolksWagon, 999HCS, Germany, 2006, Inf
Bill, Intel, 999HCS, Canada, 1983, 2014
Lee, ALD, ATT HVX, USA, 2018, 2018
Ada, Google, ATT HVX, USA, 1970, 1976
Ed, Intel, 71653452, Canada, 1977, Inf
Ada, Facebook, 999HCS, Germany, 1992, 1999
Bob, ALD, GGG123, Canada, 2009, 2016
Ed, Google, 765HSQ, France, 1999, 2001
Bill, Facebook, 123HDA, USA, 1970, Inf
Lee, IBM, 14228, USA, 1971, 1975
Bee, VolksWagon, 456789, USA, 1967, Inf
Ali, ALD, HQW 234, Germany, 1960, Inf
Ed, VolksWagon, LLL543, France, 2019, Inf
Will, Google, ATT HVX, Canada, 2012, 2012
Ali, Facebook, 14221, Germany, 1961, Inf
Bill, Facebook, 8F8HUi, France, 1960, Inf
Bob, Facebook, 567890776, India, 2010, Inf
Jo, VolksWagon, 14221, USA, 1960, Inf
Will, VolksWagon, LLL543, USA, 2007, Inf
Lee, ALD, 14228, USA, 1981, Inf
Rob, Intel, 765HSQ, Germany, 1994, Inf
Ada, ALD, HQW 234, USA, 1969, Inf
Bee, VolksWagon, 71653452, India, 1998, Inf
Lee, Google, 123HDA, USA, 1967, 2011
Bob, Google, SAW432, USA, 1986, Inf
Ed, VolksWagon, 71653452, India, 2001, 2012
Rob, Facebook, 14221, India, 1972, Inf
Ada, ALD, ATT HVX, Germany, 1984, Inf
Jo, Google, YTR IQW, Canada, 1976, Inf
Bob, Google, 456789, Germany, 1985, 1987
Will, Facebook, 999HCS, USA, 1978, 2002
Will, ALD, HQW 234, France, 2007, 2014
Ed, IBM, 654322123, USA, 1961, Inf
Bill, IBM, LLL543, Canada, 2009, Inf
Bee, Facebook, 980LGD, France, 1964, Inf
Will, Google, 765HSQ, USA, 2017, Inf
Jo, VolksWagon, 14221, Canada, 2007, Inf
Ada, VolksWagon, LLL543, Germany, 1965, 1993
Bob, VolksWagon, 8F8HUi, France, 1977, 2002
Rob, ALD, LLL543, France, 2019, Inf
Ada, VolksWagon, 14226, India, 1963, Inf
Jo, IBM, 8F8HUi, Germany, 1985, 1994
Ed, IBM, 654322123, France, 1962, 1995
Bee, Google, 14221, India, 2012, Inf
Lee, IBM, 999HCS, USA, 1971, 2006
Ed, IBM, ATT HVX, India, 1999, 2001
Will, VolksWagon, 123HDA, India, 1988, 1988
Ali, Facebook, ATT HVX, Canada, 1978, 1993
Lee, IBM, 8F8HUi, Canada, 1964, 1969
Ali, Facebook, 999HCS, USA, 2012, 2018
Rob, Intel, 14221, Germany, 2012, 2019
Lee, IBM, 765HSQ, Canada, 1976, Inf
Ali, VolksWagon, 71653452, Germany, 1990, Inf
Bob, Google, 123HDA, Germany, 1999, 2004
Will, ALD, 567890776, Canada, 1991, 2006
Lee, Intel, H3H 11Q, India, 1969, 2005
Rob, Intel, ATT HVX, India, 2009, 2012
Bill, Facebook, 999HCS, Germany, 1976, Inf
Bee, IBM, HQW 234, India, 1998, 2013
Ada, ALD, 123HDA, France, 2006, Inf
Bee, VolksWagon, 980LGD, USA, 2000, 2012
Bee, Google, 8F8HUi, Canada, 2010, Inf
Lee, Facebook, SAW432, Germany, 1985, 1985
Rob, IBM, H3H 11Q, USA, 1969, Inf
Ali, IBM, SAW432, Germany, 2012, 2012
Lee, Facebook, 123HDA, Germany, 1985, Inf
Lee, Google, 14226, France, 1982, Inf
Lee, Facebook, 14228, India, 1968, Inf
Bill, Google, 14228, India, 1965, 1977
Will, IBM, 567890776, Canada, 1984, Inf
Will, Intel, ATT HVX, Canada, 2001, Inf
Lee, VolksWagon, H2Q 1XJ, USA, 1991, Inf
Lee, Intel, 14221, France, 1989, Inf
Jo, ALD, 567890776, Germany, 2005, 2008
Rob, VolksWagon, 8F8HUi, Germany, 2011, Inf
Ali, Facebook, 14226, France, 2015, Inf
Rob, IBM, 14226, USA, 1974, Inf
Ed, Facebook, 8F8HUi, Canada, 2005, 2013
Rob, ALD, 980LGD, India, 1996, 1997
Jo, VolksWagon, 71653452, India, 1966, 2009
Will, Google, 14221, USA, 2008, 2018
Bill, VolksWagon, 71653452, India, 1999, Inf
Jo, Intel, SAW432, Canada, 2011, 2016
Will, Intel, 456789, Canada, 1999, Inf
Ada, Google, 71653452, Germany, 2008, 2019
Ed, VolksWagon, 123HDA, France, 1991, Inf
Ali, Google, SAW432, France, 1986, 2006
Ed, ALD, SAW432, Canada, 2000, Inf
Jo, VolksWagon, 14226, USA, 2005, Inf
Ada, Google, SAW432, Germany, 1965, Inf
Will, IBM, LLL543, France, 1966, 1966
Ada, VolksWagon, 123HDA, USA, 2013, Inf
Lee, Intel, 71653452, USA, 2000, Inf
Will, VolksWagon, 123HDA, India, 1997, Inf
Jo, ALD, 456789, India, 2019, 2019
Bee, VolksWagon, 456789, France, 1991, Inf
Lee, ALD, ATT HVX, Germany, 2016, 2018
Bee, IBM, SAW432, Canada, 1980, 1994
Lee, IBM, 14228, France, 2005, 2015
Bob, ALD, GGG123, France, 1975, 2011
Lee, ALD, 98JHDR, Canada, 1989, Inf
Jo, VolksWagon, YTR IQW, France, 2014, Inf
Lee, ALD, GGG123, Canada, 2004, Inf
Jo, ALD, 8F8HUi, India, 2005, Inf
Bob, VolksWagon, HQW 234, Germany, 1968, 1998
Ed, IBM, H2Q 1XJ, France, 2008, 2018
Lee, Google, H2Q 1XJ, Germany, 1966, 2018
Bill, ALD, YTR IQW, Germany, 1985, 2003
Jo, Google, 123HDA, Canada, 1979, 1990
Rob, VolksWagon, H3H 11Q, India, 2015, 2015
Bee, VolksWagon, GGG123, India, 2014, Inf
Ed, ALD, 567890776, Germany, 2004, Inf
Ada, Intel, HQW 234, France, 1986, 2010
Will, VolksWagon, 765HSQ, Germany, 1999, 2006
Bee, Intel, 98JHDR, India, 1983, Inf
Will, ALD, 8F8HUi, Germany, 2000, Inf
Rob, Google, 14228, USA, 2006, 2014
Ali, Intel, 456789, USA, 1978, 1984
Ada, Google, LLL543, USA, 2013, 2013
Bob, VolksWagon, 567890776, USA, 1988, 2011
Rob, Google, 14228, Germany, 2010, 2016
Bee, Facebook, 654322123, India, 1972, 2005
Jo, IBM, 999HCS, India, 2005, 2008
Rob, Facebook, 980LGD, USA, 2001, 2003
Bill, Intel, ATT HVX, France, 1962, 1962
Bee, Facebook, 764KHE, Canada, 1966, Inf
Ed, ALD, 14226, USA, 1999, 2014
Jo, Google, 14226, USA, 2001, Inf
Ed, Intel, ATT HVX, USA, 2008, Inf
Will, Facebook, SAW432, France, 1974, Inf
Jo, Facebook, 764KHE, Canada, 2003, Inf
Rob, VolksWagon, 71653452, Canada, 2011, Inf
Ali, Intel, 71653452, India, 1988, Inf
Ed, IBM, GGG123, France, 1995, Inf
Ed, Intel, 999HCS, USA, 1963, Inf
Bee, VolksWagon, 8F8HUi, Germany, 1997, 2001
Bill, IBM, 14228, USA, 2000, 2007
Ada, VolksWagon, HQW 234, Germany, 1989, 2006
Will, Google, H3H 11Q, France, 2013, 2017
Bill, Intel, 14221, France, 1993, Inf
Lee, VolksWagon, 98JHDR, Germany, 2004, Inf
Bee, Google, 999HCS, USA, 1963, 1980
Rob, Facebook, 14226, India, 1970, Inf
Lee, Google, 654322123, France, 2018, Inf
Will, ALD, LLL543, India, 1970, Inf
Ali, VolksWagon, 980LGD, Germany, 1988, 1998
Rob, VolksWagon, YTR IQW, USA, 1964, Inf
Ada, VolksWagon, SAW432, Germany, 1975, Inf
Rob, Google, 456789, France, 1999, Inf
Bob, IBM, GGG123, Germany, 2010, 2016
Ed, Facebook, 14228, France, 1970, 1980
Bee, IBM, H2Q 1XJ, USA, 2015, 2016
Ali, Google, ATT HVX, Germany, 1967, 2001
Will, IBM, SAW432, USA, 1981, 1982
Ada, IBM, 654322123, Canada, 1983, Inf
Bill, IBM, 456789, Canada, 1967, 2013
Ali, ALD, 980LGD, France, 2012, 2015
Jo, VolksWagon, LLL543, France, 1964, 1968
Ada, ALD, 14221, France, 2016, Inf
Rob, IBM, HQW 234, Canada, 2009, Inf
Ed, Google, 567890776, France, 1973, 1983
Bill, Facebook, YTR IQW, France, 1999, Inf
Bob, Google, 654322123, USA, 1978, Inf
Rob, Google, 123HDA, India, 1972, 1979
Lee, Facebook, 456789, France, 1960, 1998
Will, VolksWagon, ATT HVX, France, 1974, Inf
Ali, VolksWagon, 980LGD, Germany, 1979, Inf
Ada, Facebook, HQW 234, India, 1975, Inf
Ali, Google, 14221, USA, 2011, 2012
Rob, IBM, GGG123, USA, 1989, Inf
Bee, Facebook, LLL543, USA, 1978, 2011
Ali, IBM, ATT HVX, France, 1998, 2019
Ali, VolksWagon, LLL543, USA, 1972, Inf
Bee, VolksWagon, 14226, Canada, 1965, Inf
Bill, Google, 98JHDR, India, 1983, 2008
Ali, ALD, 8F8HUi, Canada, 1976, Inf
Bee, VolksWagon, 71653452, USA, 1972, 1999
Bee, Facebook, 14221, France, 1983, 2007
Ed, Facebook, H3H 11Q, France, 1982, Inf
Jo, IBM, SAW432, India, 2009, Inf
Lee, Intel, HQW 234, Canada, 1985, Inf
Bill, Intel, 8F8HUi, Canada, 1993, 2003
Bob, Facebook, 764KHE, France, 2015, Inf
Bob, VolksWagon, 8F8HUi, France, 2019, Inf
Bee, Facebook, 654322123, USA, 1972, 1988
Will, IBM, ATT HVX, Germany, 2006, Inf
Ali, Google, 456789, India, 1981, 1996
Ada, VolksWagon, 765HSQ, USA, 2005, 2016
Bob, Intel, 123HDA, USA, 2017, Inf
Jo, IBM, H3H 11Q, France, 1990, Inf
Will, Facebook, 567890776, Germany, 1967, Inf
Will, Intel, SAW432, France, 2006, Inf
Ada, VolksWagon, 567890776, India, 2012, 2019
Ed, ALD, 764KHE, India, 1996, Inf
Rob, IBM, 98JHDR, France, 1966, Inf
Will, ALD, 764KHE, Canada, 2002, 2008
Ed, Facebook, 765HSQ, Germany, 1975, Inf
Ali, ALD, LLL543, Canada, 1971, 1972
Jo, Facebook, 98JHDR, India, 1979, Inf
Rob, ALD, 123HDA, France, 2010, 2010
Lee, VolksWagon, 14221, Germany, 2000, Inf
Ada, Intel, 456789, India, 1985, 2002
Ada, Facebook, 14226, Germany, 1967, Inf
Ada, IBM, 8F8HUi, India, 2010, Inf
Ada, Intel, SAW432, Germany, 2011, 2019
Ali, Intel, 654322123, USA, 1986, 2005
Ed, ALD, 71653452, Germany, 1991, Inf
Lee, IBM, 14226, India, 1995, 2007
Rob, Facebook, 999HCS, Germany, 1983, 1992
Will, ALD, LLL543, USA, 1992, 1997
Bee, ALD, 999HCS, India, 1985, Inf
Bee, IBM, 8F8HUi, Germany, 1976, 1989
Jo, Intel, 980LGD, India, 1991, 2007
Ada, Facebook, HQW 234, Canada, 2015, 2017
Bee, Facebook, 14228, Germany, 1988, 1993
Ada, VolksWagon, H3H 11Q, Germany, 2017, Inf
Rob, ALD, 8F8HUi, India, 1981, Inf
Ada, Google, SAW432, USA, 1963, Inf
Ali, Google, 14228, France, 1984, 2001
Lee, Facebook, SAW432, Canada, 1989, Inf
Bill, ALD, 654322123, Germany, 2014, Inf
Ada, Intel, 14226, France, 1994, 2002
Will, VolksWagon, 14226, India, 1980, Inf
Will, Intel, 14221, USA, 2019, Inf
Jo, VolksWagon, 456789, India, 1994, 2017
Bee, ALD, 567890776, India, 2008, 2016
Ed, Facebook, ATT HVX, Canada, 1984, 1999
Rob, Facebook, 765HSQ, Canada, 1988, 2013
Bee, Facebook, ATT HVX, USA, 1998, Inf
Bee, Intel, 8F8HUi, India, 1975, Inf
Bee, Intel, 123HDA, Canada, 2017, Inf
Ada, VolksWagon, H3H 11Q, Germany, 1988, 2006
Ali, Intel, LLL543, Canada, 2002, Inf
Bob, VolksWagon, 567890776, France, 1961, 1965
Ed, VolksWagon, LLL543, Germany, 1994, Inf
Will, ALD, SAW432, France, 2013, Inf
Will, Google, 14221, USA, 2006, Inf
Bob, VolksWagon, 567890776, France, 1980, Inf
Lee, IBM, 567890776, Germany, 1986, Inf
Ali, Google, 14228, USA, 1969, 2005
Rob, Intel, 765HSQ, France, 1972, 1998
Ada, Facebook, H2Q 1XJ, Canada, 1995, Inf
Ali, Facebook, 765HSQ, Germany, 2004, Inf
Ed, IBM, 764KHE, USA, 1967, 2012
Bob, Intel, 456789, USA, 1983, 2014
Rob, ALD, H2Q 1XJ, USA, 1968, 1992
Will, IBM, 98JHDR, India, 2015, 2017
Bill, Facebook, HQW 234, France, 2006, 2007
Rob, ALD, 14226, France, 1978, 2009
Lee, IBM, 764KHE, France, 1964, 2019
Bob, IBM, YTR IQW, Germany, 2011, 2019
Rob, Intel, ATT HVX, France, 1991, Inf
Ali, IBM, 98JHDR, Germany, 2008, 2013
Bee, IBM, 980LGD, Canada, 1982, 2018
Bill, Intel, 14226, India, 2003, Inf
Will, Google, 765HSQ, Canada, 2003, 2018
Ali, Facebook, 8F8HUi, France, 1966, 2017
Bill, Facebook, 14226, Germany, 2018, 2019
Ali, Google, H2Q 1XJ, France, 1998, Inf
Bill, IBM, 98JHDR, India, 2014, 2016
Jo, Facebook, 98JHDR, France, 1989, Inf
Will, Google, HQW 234, Canada, 2017, Inf
Bill, Intel, LLL543, India, 2008, 2009
Ada, ALD, 8F8HUi, India, 2009, Inf
Bob, Facebook, GGG123, Canada, 2013, 2013
Rob, Google, 14221, USA, 1990, 2016
Jo, VolksWagon, ATT HVX, USA, 2011, 2011
Will, IBM, 14226, USA, 1986, Inf
Ed, IBM, 765HSQ, Canada, 1970, Inf
Bill, Intel, SAW432, France, 1970, Inf
Jo, IBM, 765HSQ, Canada, 2000, Inf
Ada, VolksWagon, 765HSQ, India, 1972, 1995
Rob, ALD, 764KHE, France, 2017, 2017
Rob, VolksWagon, 14221, USA, 2008, Inf
Jo, Google, 567890776, Germany, 1983, Inf
Bee, Intel, 980LGD, India, 2007, Inf
Bob, Intel, H2Q 1XJ, France, 1996, 1997
Lee, ALD, LLL543, Canada, 1973, 1992
Ed, IBM, 999HCS, USA, 1978, 1992
Bill, ALD, 123HDA, Canada, 2004, 2004
Ali, Intel, HQW 234, USA, 1965, 2001
Bee, ALD, 654322123, France, 1977, 2000
Lee, Facebook, 654322123, Germany, 1979, 2014
Rob, Facebook, 14221, France, 1964, 1966
Jo, Facebook, 8F8HUi, India, 1966, Inf
Bill, VolksWagon, SAW432, France, 1971, 2010
Bee, Facebook, ATT HVX, Canada, 1988, 1999
Rob, Google, 654322123, Germany, 1967, Inf
Jo, ALD, SAW432, USA, 1989, Inf
Bill, IBM, 567890776, India, 1962, 1962
Rob, Facebook, 71653452, USA, 2010, Inf
Ali, Facebook, 999HCS, USA, 1966, 2009
Ed, Facebook, 14221, Canada, 2015, 2019
Ed, Intel, 456789, Canada, 1990, Inf
Bob, VolksWagon, 14221, Germany, 1979, 2012
Bill, Intel, 999HCS, USA, 1972, 1983
Jo, Intel, GGG123, Germany, 1993, 2003
Lee, Intel, 123HDA, Canada, 1972, 1995
Rob, Facebook, H3H 11Q, Canada, 2010, 2015
Will, ALD, 567890776, Germany, 2005, 2006
Will, VolksWagon, SAW432, USA, 1960, Inf
Will, ALD, ATT HVX, Canada, 1987, 2015
Bill, Google, 123HDA, Germany, 1986, Inf
Will, Intel, 14221, USA, 2012, Inf
Ali, Google, 764KHE, USA, 2019, 2019
Rob, VolksWagon, 8F8HUi, India, 1971, Inf
Ada, ALD, 764KHE, Canada, 1962, Inf
Bee, IBM, 999HCS, Canada, 2001, 2001
Bill, Google, 980LGD, France, 1978, 2007
Jo, VolksWagon, 14226, France, 2001, 2007
Bob, ALD, 456789, Canada, 1994, 2007
Ada, Intel, 71653452, Germany, 2012, 2017
Will, VolksWagon, 14226, Germany, 1997, 2006
Bill, ALD, 999HCS, France, 2018, 2018
Ada, IBM, LLL543, Canada, 2000, Inf
Lee, Intel, 980LGD, France, 1989, Inf
Bob, ALD, 71653452, USA, 1980, Inf
Will, ALD, H3H 11Q, Germany, 1999, 2006
Ada, Google, SAW432, Canada, 1963, Inf
Bob, Facebook, ATT HVX, France, 1989, Inf
Bob, Intel, 999HCS, India, 1978, 1978
Jo, VolksWagon, 14221, USA, 1974, Inf
Ali, Facebook, 654322123, France, 1978, Inf
Jo, Google, 8F8HUi, France, 2017, 2017
Ali, Google, 14226, USA, 2002, Inf
Will, Google, H3H 11Q, USA, 1984, Inf
Ada, Intel, 8F8HUi, USA, 1999, Inf
Ed, VolksWagon, 654322123, India, 1973, 2001
Ed, VolksWagon, LLL543, Canada, 1971, 2019
Bob, Facebook, 456789, India, 2007, 2007
Bill, Intel, ATT HVX, USA, 1960, Inf
Ali, Facebook, 999HCS, USA, 1974, 2000
Rob, Intel, GGG123, France, 1972, 2010
Ali, Google, 14226, France, 1988, 2007
Bee, Intel, 567890776, India, 2012, 2013
Ed, Facebook, 14221, India, 2019, Inf
Bill, Intel, 123HDA, Germany, 2004, 2006
Bee, VolksWagon, 765HSQ, France, 1961, Inf
Rob, VolksWagon, GGG123, France, 2005, 2015
Jo, Intel, H3H 11Q, Germany, 1963, Inf
Bob, VolksWagon, 71653452, Germany, 1985, Inf
Bee, Facebook, GGG123, Canada, 1964, 2009
Will, ALD, LLL543, USA, 1988, 1993
Jo, Intel, GGG123, France, 1971, 1985
Bill, IBM, GGG123, Germany, 1992, Inf
Bill, Google, 14221, India, 2004, Inf
Bee, VolksWagon, 123HDA, India, 1980, Inf
Rob, Google, 999HCS, India, 2009, 2018
Will, VolksWagon, 14221, USA, 1976, 1980
Lee, ALD, 123HDA, Canada, 2018, Inf
Lee, Facebook, 71653452, USA, 1990, Inf
Rob, Google, 71653452, USA, 1985, Inf
Lee, Intel, 14226, Germany, 2017, 2018
Jo, Facebook, 14226, India, 1983, Inf
Ali, IBM, HQW 234, USA, 1999, 2012
Bee, Google, 14228, France, 1998, 2011
Rob, VolksWagon, GGG123, France, 2005, 2008
Ed, VolksWagon, LLL543, Germany, 1974, 2005
Bee, VolksWagon, 764KHE, USA, 2008, Inf
Rob, Facebook, 765HSQ, USA, 1999, Inf
Ed, Google, 14226, Canada, 1980, Inf
Ali, ALD, YTR IQW, Canada, 1988, Inf
Bill, Google, 123HDA, France, 1988, 2011
Rob, VolksWagon, 567890776, France, 1999, Inf
Ed, Intel, 14226, USA, 2008, 2013
Lee, ALD, 654322123, USA, 1988, 2000
Ada, Google, LLL543, Canada, 1992, Inf
Lee, Google, 456789, India, 1966, 1983
Rob, IBM, 123HDA, Germany, 1996, Inf
Ali, ALD, 8F8HUi, India, 2017, Inf
Bee, IBM, ATT HVX, France, 1989, 2003
Bee, Facebook, 98JHDR, USA, 1973, Inf
Ada, VolksWagon, 14228, USA, 1978, 2011
Ed, VolksWagon, 999HCS, Canada, 1985, 2004
Jo, VolksWagon, H2Q 1XJ, India, 2002, 2018
Ada, Intel, 14221, Germany, 1997, 2013
Ali, Facebook, H3H 11Q, USA, 2001, Inf
Will, Facebook, 14221, India, 1997, 2016
Rob, IBM, 98JHDR, Canada, 2016, Inf
Lee, VolksWagon, HQW 234, France, 2013, Inf
Ed, ALD, 456789, Canada, 2011, 2013
Bill, Google, 764KHE, Canada, 1975, 2012
Lee, IBM, 456789, India, 1975, Inf
Ada, ALD, 98JHDR, India, 1984, Inf
Bill, ALD, HQW 234, Canada, 1971, 1976
Rob, Google, YTR IQW, India, 1999, 2017
Bob, IBM, GGG123, India, 1981, Inf
Bob, IBM, HQW 234, France, 1973, Inf
Jo, Facebook, 980LGD, India, 2003, Inf
Lee, Google, 764KHE, Germany, 2012, 2016
Ed, Facebook, LLL543, USA, 2000, Inf
Bob, ALD, 8F8HUi, India, 1990, Inf
Jo, IBM, 999HCS, India, 1994, Inf
Ali, Google, 654322123, France, 1977, 1977
Ada, Intel, 980LGD, USA, 2006, Inf
Jo, IBM, GGG123, Canada, 1971, 2015
Ed, VolksWagon, H3H 11Q, India, 2013, Inf
Will, ALD, 654322123, Germany, 1978, 1978
Rob, Facebook, H3H 11Q, Canada, 1994, Inf
Bee, VolksWagon, SAW432, Germany, 2017, 2019
Lee, VolksWagon, 123HDA, USA, 2019, Inf
Rob, Facebook, LLL543, USA, 1972, 1993
Bob, Facebook, H2Q 1XJ, Germany, 1991, Inf
Lee, Facebook, GGG123, USA, 1973, Inf
Bill, VolksWagon, YTR IQW, France, 1980, Inf
Ed, ALD, 8F8HUi, USA, 1980, 2004
Bob, Intel, 980LGD, USA, 1966, 1981
Lee, ALD, SAW432, India, 1972, 2004
Jo, Intel, 999HCS, USA, 1988, 2018
Jo, VolksWagon, 98JHDR, India, 1991, 2008
Bee, ALD, 999HCS, India, 1961, Inf
Bee, ALD, ATT HVX, India, 1961, 1981
Ali, IBM, 567890776, USA, 1993, 2016
Bee, Facebook, 654322123, Germany, 2007, Inf
Bob, VolksWagon, 764KHE, Germany, 1994, Inf
Ali, ALD, YTR IQW, Germany, 1979, Inf
Ed, ALD, 980LGD, Canada, 2010, 2016
Jo, ALD, GGG123, Canada, 2011, 2012
Ali, Facebook, 14228, USA, 1975, 2018
Bob, Intel, SAW432, India, 1963, 2010
Ali, Facebook, LLL543, Canada, 1962, 2014
Ali, Intel, H2Q 1XJ, France, 1993, 2006
Rob, VolksWagon, HQW 234, Germany, 1970, Inf
Rob, ALD, SAW432, Germany, 1995, 2018
Jo, Google, LLL543, France, 2006, Inf
Rob, Facebook, ATT HVX, USA, 1996, Inf
Ada, IBM, 456789, France, 2015, Inf
Ali, Facebook, H3H 11Q, France, 1966, Inf
Ed, IBM, YTR IQW, France, 1986, Inf
Bee, VolksWagon, 567890776, India, 1998, 2002
Jo, Google, 567890776, France, 1997, Inf
Bee, IBM, 14226, India, 1976, Inf
Ali, IBM, 8F8HUi, Germany, 1961, 1970
Lee, ALD, ATT HVX, India, 1962, 1978
Lee, IBM, H2Q 1XJ, France, 1986, 2010
Lee, ALD, 14221, India, 2000, Inf
Bill, Google, SAW432, Germany, 1993, 2004
Lee, ALD, 98JHDR, Canada, 1992, 2010
Jo, Google, SAW432, USA, 2019, Inf
Ed, ALD, 14228, USA, 2002, Inf
Bob, Google, 14226, USA, 1979, 1998
Jo, Google, 14221, Canada, 1979, 2008
Jo, VolksWagon, 567890776, Germany, 1974, Inf
Lee, Facebook, 8F8HUi, India, 1962, Inf
Ali, ALD, SAW432, Germany, 1984, Inf
Ada, Google, 98JHDR, India, 1994, 2012
Rob, Google, 456789, France, 1992, 1995
Bob, ALD, 980LGD, Germany, 1975, Inf
Jo, Google, 980LGD, Canada, 2011, Inf
Ed, Google, 765HSQ, France, 2014, 2017
Lee, IBM, 71653452, Germany, 1983, 2010
Bob, ALD, 765HSQ, India, 1981, Inf
Jo, IBM, 456789, USA, 1997, Inf
Bill, ALD, 999HCS, India, 2016, Inf
Ali, Google, 999HCS, France, 1967, Inf
Ali, Intel, H3H 11Q, France, 2016, 2016
Ali, Google, 999HCS, India, 1961, Inf
Bill, Intel, 14228, USA, 1963, 1973
Jo, Intel, H2Q 1XJ, USA, 1963, Inf
Will, ALD, H3H 11Q, Canada, 2001, Inf
Rob, ALD, 456789, USA, 2019, Inf
Bill, VolksWagon, ATT HVX, USA, 1976, Inf
Bee, Intel, 654322123, Germany, 1964, Inf
Lee, VolksWagon, YTR IQW, Canada, 2009, 2014
Ada, Google, H2Q 1XJ, Germany, 1969, Inf
Rob, Facebook, YTR IQW, Germany, 1990, 1999
Ada, Google, 14221, France, 1963, Inf
Bee, Facebook, SAW432, USA, 1988, Inf
Ed, Intel, HQW 234, Canada, 1965, 2001
Bill, Google, 14228, France, 1988, 1995
Jo, IBM, 8F8HUi, Canada, 2001, Inf
Lee, Facebook, 8F8HUi, Germany, 1992, Inf
Lee, IBM, 456789, India, 2015, Inf
Ed, IBM, 765HSQ, France, 1970, 2000
Jo, Google, 14221, Germany, 1969, Inf
Lee, ALD, 14221, India, 2004, Inf
Bee, Facebook, 567890776, France, 2005, 2011
Jo, Facebook, ATT HVX, Germany, 1983, 1985
Jo, Google, 999HCS, Germany, 2007, Inf
Bob, Google, YTR IQW, India, 2018, 2018
Rob, VolksWagon, 123HDA, India, 1971, 1991
Bee, IBM, 999HCS, Germany, 1999, Inf
Ali, Facebook, GGG123, USA, 2004, Inf
Will, IBM, 980LGD, Germany, 1981, Inf
Ed, Google, GGG123, France, 2010, 2014
Ada, IBM, HQW 234, USA, 1963, 2014
Lee, VolksWagon, 123HDA, USA, 1964, Inf
Bob, IBM, 999HCS, Germany, 1995, 2000
Ed, IBM, 14226, India, 2009, Inf
Will, Intel, 456789, Germany, 1995, Inf
Rob, ALD, 123HDA, USA, 1961, Inf
Bill, Facebook, 980LGD, Germany, 1969, Inf
Ada, ALD, YTR IQW, India, 1973, Inf
Rob, Intel, 764KHE, Germany, 1991, Inf
Ali, ALD, 71653452, USA, 1988, 1994
Bee, VolksWagon, 98JHDR, India, 2009, Inf
Ada, IBM, LLL543, USA, 1974, Inf
Rob, ALD, YTR IQW, USA, 1976, 1994
Rob, Intel, LLL543, France, 1996, Inf
Bill, Google, H3H 11Q, USA, 1977, Inf
Bill, Facebook, ATT HVX, Germany, 2007, Inf
Rob, Facebook, 8F8HUi, India, 2014, Inf
Rob, Google, 14228, Germany, 1991, Inf
Jo, ALD, 14226, Canada, 2003, Inf
Ada, Intel, SAW432, Germany, 2008, Inf
Bill, Google, GGG123, Canada, 1979, 1987
Ed, Google, 999HCS, Canada, 1975, 1995
Bee, ALD, 765HSQ, USA, 1986, 1999
Bill, IBM, GGG123, Canada, 1978, Inf
Bee, Facebook, 71653452, Canada, 1977, 1997
Jo, IBM, 98JHDR, India, 1978, 1982
Bob, VolksWagon, 999HCS, Germany, 1980, 2010
Ed, Google, SAW432, USA, 2016, Inf
Bee, VolksWagon, SAW432, USA, 1973, 2009
Bill, VolksWagon, 14228, Canada, 1995, Inf
Will, Intel, SAW432, Germany, 1967, Inf
Bob, IBM, HQW 234, France, 2012, Inf
Jo, VolksWagon, H3H 11Q, Germany, 1983, 2007
Ada, Facebook, 456789, Germany, 1988, 2014
Will, VolksWagon, SAW432, USA, 1984, 1995
Ada, Facebook, ATT HVX, Canada, 1972, Inf
Ali, VolksWagon, 999HCS, Germany, 2004, 2018
Ada, Google, 999HCS, Germany, 2012, Inf
Bob, Facebook, ATT HVX, Germany, 1976, Inf
Will, Facebook, HQW 234, USA, 1993, 2013
Jo, IBM, 567890776, Canada, 1981, Inf
Bob, IBM, 14226, Germany, 2000, Inf
Bob, Intel, 71653452, Canada, 2008, 2010
Rob, ALD, 654322123, Germany, 1998, Inf
Lee, VolksWagon, LLL543, USA, 1964, 1982
Lee, ALD, YTR IQW, Canada, 1986, Inf
Bob, IBM, 999HCS, USA, 2009, 2010
Will, Facebook, LLL543, France, 1983, Inf
Will, Facebook, 765HSQ, Germany, 1986, Inf
Bill, IBM, H3H 11Q, India, 1997, Inf
Jo, ALD, H3H 11Q, France, 2017, 2018
Bob, ALD, SAW432, Germany, 1970, 1975
Ali, IBM, 71653452, France, 2006, Inf
Bee, VolksWagon, 567890776, USA, 1971, 1984
Ali, Google, H3H 11Q, India, 2001, 2002
Jo, IBM, 123HDA, Canada, 1980, 2009
Ed, Facebook, 654322123, Germany, 2011, Inf
Ali, ALD, ATT HVX, France, 2001, Inf
Bob, ALD, 123HDA, USA, 2003, Inf
Rob, ALD, 764KHE, Canada, 1965, 2000
Rob, VolksWagon, HQW 234, France, 1993, 2010
Ali, Facebook, 14221, Canada, 2015, Inf
Will, IBM, 71653452, USA, 1993, 1999
Rob, IBM, 654322123, Canada, 2002, Inf
Jo, Google, 71653452, Germany, 2014, Inf
Ali, IBM, 14221, Germany, 1968, 2013
Ada, ALD, H2Q 1XJ, France, 1996, Inf
Bill, IBM, LLL543, Germany, 1961, 1991
Ali, Intel, 14221, Germany, 1999, Inf
Will, ALD, 654322123, Germany, 1970, 1982
Ali, ALD, 98JHDR, Germany, 1984, 1990
Ada, Facebook, GGG123, Canada, 1970, Inf
Will, ALD, 8F8HUi, France, 1996, Inf
Jo, Facebook, 456789, Germany, 2018, Inf
Ali, Intel, 8F8HUi, France, 2015, Inf
Bee, Intel, YTR IQW, India, 1981, Inf
Bob, Google, 123HDA, India, 2012, Inf
Bill, Facebook, 14226, India, 1967, Inf
Bob, ALD, 98JHDR, USA, 1984, Inf
Ada, VolksWagon, 71653452, India, 1999, 2014
Jo, Google, 980LGD, India, 2014, Inf
Bob, Facebook, 456789, France, 1990, Inf
Ada, Facebook, ATT HVX, Canada, 2009, Inf
Lee, ALD, 14226, India, 1978, Inf
Rob, ALD, 98JHDR, USA, 2013, Inf
Ed, IBM, H3H 11Q, USA, 2004, 2010
Ada, Intel, 14228, France, 2008, 2015
Jo, VolksWagon, 14226, Germany, 2010, 2012
Ali, Google, GGG123, France, 1999, Inf
Bob, IBM, 765HSQ, France, 1982, Inf
Bee, VolksWagon, H3H 11Q, USA, 2006, Inf
Bill, Intel, ATT HVX, Canada, 1960, Inf
Jo, Intel, 999HCS, Canada, 1980, 1989
Will, Intel, 567890776, Germany, 1994, 2017
Bob, ALD, ATT HVX, France, 2012, 2016
Bee, ALD, 764KHE, France, 1978, Inf
Ada, ALD, HQW 234, France, 1990, Inf
Ada, IBM, YTR IQW, France, 2000, 2006
Bee, Facebook, H2Q 1XJ, USA, 1992, 2008
Will, Facebook, H3H 11Q, USA, 2012, 2018
Lee, IBM, LLL543, India, 1975, Inf
Bee, Facebook, H2Q 1XJ, USA, 1961, Inf
Bill, IBM, 98JHDR, Canada, 1968, Inf
Bill, Facebook, 567890776, France, 1988, Inf
Ali, Google, 456789, Germany, 2010, 2011
Bob, VolksWagon, 14228, Germany, 1992, Inf
Ada, Intel, LLL543, Canada, 1967, Inf
Ali, Google, 71653452, Germany, 1967, 1997
Bill, IBM, 764KHE, France, 1964, 1992
Ada, VolksWagon, 999HCS, Germany, 1997, Inf
Bob, ALD, YTR IQW, USA, 2017, 2019
Bob, VolksWagon, 14221, USA, 1963, 1978
Ed, IBM, H2Q 1XJ, USA, 1968, 1992
Bob, Google, 980LGD, Germany, 2017, Inf
Jo, ALD, YTR IQW, USA, 1989, Inf
Ada, Intel, H3H 11Q, USA, 2018, Inf
Jo, Intel, GGG123, USA, 1998, 2014
Rob, Facebook, 764KHE, India, 2003, Inf
Bee, Facebook, LLL543, Canada, 1973, Inf
Jo, IBM, 14226, Canada, 2008, 2019
Ali, VolksWagon, 980LGD, USA, 1964, Inf
Bee, Facebook, 14228, Germany, 2001, Inf
Ed, ALD, SAW432, France, 1998, 2017
Lee, Intel, 765HSQ, Germany, 1989, 2010
Lee, IBM, 765HSQ, USA, 1982, Inf
Ali, IBM, H3H 11Q, Germany, 1998, Inf
Jo, Facebook, 8F8HUi, India, 1964, Inf
Ed, ALD, 98JHDR, Canada, 1965, Inf
Lee, VolksWagon, 71653452, France, 1999, Inf
Jo, Facebook, 71653452, India, 2005, 2006
Rob, IBM, 14221, Canada, 2014, 2014
Will, Google, HQW 234, Germany, 2011, Inf
Ada, Intel, 98JHDR, Germany, 1970, 1993
Bee, ALD, 764KHE, India, 2002, 2010
Jo, Intel, 654322123, Canada, 1975, Inf
Will, Google, HQW 234, India, 2004, 2017
Rob, ALD, 8F8HUi, Germany, 2002, 2002
Bee, ALD, LLL543, Canada, 1977, Inf
Ed, Facebook, 123HDA, USA, 2016, Inf
Jo, ALD, 14221, Germany, 2017, 2018
Bee, Intel, 14226, France, 2019, 2019
Lee, ALD, 456789, Canada, 1995, Inf
Rob, VolksWagon, 654322123, India, 1965, 2000
Bob, ALD, GGG123, India, 1980, 1983
Ada, Facebook, 14228, Germany, 1971, 1992
Bob, Facebook, 654322123, India, 2017, Inf
Bob, IBM, H2Q 1XJ, Canada, 2001, 2008
Bob, VolksWagon, 8F8HUi, USA, 1987, 1998
Lee, Intel, 567890776, Germany, 1973, 2011
Ali, IBM, 14226, USA, 1970, Inf
Ada, Facebook, 14228, France, 1971, Inf
Ed, Intel, H2Q 1XJ, USA, 1972, 1999
Will, Google, 999HCS, France, 1971, 2000
Bee, IBM, 999HCS, India, 1982, Inf
Bee, IBM, 98JHDR, Germany, 1985, 2005
Bob, VolksWagon, H3H 11Q, India, 1973, 1985
Rob, ALD, 456789, Germany, 2014, 2017
Bee, Facebook, 98JHDR, France, 1996, 2015
Jo, VolksWagon, 456789, India, 1998, Inf
Ed, VolksWagon, 14226, Germany, 1972, Inf
Ed, Google, HQW 234, France, 1980, Inf
Ali, Intel, 8F8HUi, India, 1981, 2002
Ali, Facebook, YTR IQW, India, 1981, 2005
Bill, ALD, 654322123, Canada, 2005, 2018
Will, ALD, 567890776, Germany, 2008, Inf
Bill, Google, 764KHE, India, 2013, 2016
Rob, Google, H3H 11Q, Germany, 2019, Inf
Ali, ALD, 14221, Germany, 2006, Inf
Bill, VolksWagon, YTR IQW, USA, 1980, 2018
Bob, IBM, 14228, Germany, 1971, 1991
Ali, Facebook, 980LGD, USA, 1987, 1990
Rob, Facebook, SAW432, Canada, 1973, Inf
Lee, IBM, LLL543, France, 2000, 2017
Ed, VolksWagon, LLL543, Canada, 1995, Inf
Lee, IBM, 8F8HUi, Canada, 1993, Inf
Ada, Intel, HQW 234, USA, 1999, Inf
Bee, Google, YTR IQW, India, 1992, 1995
Jo, Google, 999HCS, Canada, 2016, 2018
Bee, VolksWagon, 654322123, USA, 1989, 2012
Rob, Facebook, HQW 234, India, 2010, Inf
Lee, Intel, 765HSQ, Germany, 2004, 2015
Rob, IBM, 567890776, Canada, 1979, 2013
Bob, VolksWagon, ATT HVX, Canada, 1964, Inf
Bee, IBM, 98JHDR, India, 1987, 2019
Bee, Facebook, 14228, India, 2013, Inf
Bob, VolksWagon, 14228, India, 1989, Inf
Ali, Facebook, ATT HVX, France, 1976, Inf
Will, IBM, 764KHE, USA, 2011, Inf
Bill, IBM, 654322123, Germany, 1963, 2004
Ada, VolksWagon, GGG123, France, 1990, 2019
Will, VolksWagon, YTR IQW, India, 2009, Inf
Ali, Intel, 764KHE, Canada, 1967, 1980
Will, Google, H3H 11Q, Canada, 2013, 2013
Ed, Google, 98JHDR, France, 1992, Inf
Bee, IBM, 8F8HUi, France, 1985, 2005
Bill, VolksWagon, H2Q 1XJ, USA, 2008, 2008
Ed, VolksWagon, 999HCS, Canada, 2012, 2019
Will, ALD, LLL543, Canada, 1976, 1991
Bob, VolksWagon, 71653452, USA, 2015, 2017
Bee, Google, 71653452, India, 2013, Inf
Bill, IBM, LLL543, Germany, 2007, Inf
Jo, Facebook, 765HSQ, Canada, 2005, Inf
Ada, IBM, 8F8HUi, India, 1973, Inf
Lee, Facebook, 999HCS, India, 1986, Inf
Bee, Google, YTR IQW, USA, 1991, 2001
Will, Google, 8F8HUi, Germany, 2007, 2014
Bill, VolksWagon, GGG123, France, 1972, 2011
Ed, Intel, ATT HVX, Germany, 1992, 2003
Ada, IBM, H3H 11Q, Canada, 2012, Inf
Ada, Google, ATT HVX, Germany, 1975, Inf
Will, Intel, 765HSQ, India, 1993, Inf
Will, Intel, 980LGD, India, 1966, 2000
Ed, VolksWagon, 123HDA, Germany, 1976, 1991
Ada, Google, 999HCS, France, 2017, 2017
Bob, Google, LLL543, India, 1971, Inf
Rob, Intel, 14226, France, 2006, Inf
Will, VolksWagon, 567890776, France, 2005, 2008
Bill, VolksWagon, 98JHDR, India, 1999, 2009
Jo, Facebook, HQW 234, Canada, 2000, 2015