Ed, IBM, 14226, Canada, 1961, 2014
Lee, Facebook, 764KHE, USA, 2018, 2018
Rob, IBM, H3H 11Q, Germany, 1976, 1987
Will, ALD, 980LGD, France, 1987, 2007
Bill, Google, H3H 11Q, India, 2008, 2009
Lee, ALD, 999HCS, Germany, 1974, 2019
Bee, Facebook, SAW432, Canada, 1974, 1997
Jo, ALD, 71653452, Germany, 1984, 2011
Ed, IBM, 14226, USA, 1963, 1978
Bob, IBM, 123HDA, USA, 1970, 2019
Rob, IBM, 14228, India, 2007, 2015
Lee, VolksWagon, GGG123, USA, 1964, 2010
Lee, IBM, SAW432, India, 1972, 1981
Bee, ALD, LLL543, Canada, 2000, 2000
Ada, Facebook, YTR IQW, Canada, 2019, 2019
Bob, VolksWagon, 980LGD, USA, 1993, 1996
Rob, Intel, 567890776, USA, 2003, 2010
Bill, Facebook, HQW 234, France, 1986, 1999
Ali, VolksWagon, YTR IQW, India, 1967, 1997
Ali, Google, ATT HVX, Germany, 1974, 1997
Ali, Google, H3H 11Q, France, 1993, 2006
Ed, Google, YTR IQW, France, 1980, 2019
Ali, Intel, 14226, USA, 2013, 2018
Bob, Facebook, 980LGD, Germany, 1976, 1997
Ali, Google, 71653452, Canada, 1979, 1999
Bob, VolksWagon, 654322123, USA, 2001, 2018
Will, Facebook, 98JHDR, Canada, 1987, 2015
Jo, Google, 654322123, USA, 1978, 1991
Bee, Facebook, LLL543, Germany, 2015, 2019
Rob, Intel, 98JHDR, France, 1990, 2003
Lee, Intel, 456789, Germany, 1991, 2011
Jo, Google, 14228, India, 1996, 2005
Ed, Facebook, 999HCS, Canada, 2013, 2014
Ali, IBM, H2Q 1XJ, India, 1979, 2016
Jo, IBM, 14228, Germany, 1991, 1994
Jo, IBM, 654322123, USA, 1962, 1980
Ed, ALD, YTR IQW, France, 2002, 2018
Ali, Google, LLL543, India, 1980, 1984
Will, IBM, 456789, Germany, 1984, 2018
Bob, VolksWagon, 123HDA, Germany, 1984, 1991
Ada, ALD, 98JHDR, France, 1999, 2017
Will, VolksWagon, 71653452, Germany, 1996, 2017
Bob, IBM, 999HCS, Germany, 2017, 2017
Rob, VolksWagon, YTR IQW, India, 1979, 2019
Rob, Facebook, 123HDA, USA, 1969, 1990
Lee, Facebook, ATT HVX, Canada, 2018, 2018
Will, ALD, LLL543, France, 2009, 2017
Bill, Facebook, SAW432, Canada, 1968, 1986
Ada, Intel, HQW 234, USA, 1984, 1995
Bill, Google, 8F8HUi, India, 1998, 2016
Ed, VolksWagon, HQW 234, USA, 1967, 1992
Bob, ALD, 8F8HUi, Canada, 2019, 2019
Ali, Intel, ATT HVX, USA, 2015, 2015
Ali, Facebook, H2Q 1XJ, India, 1979, 2009
Bob, Intel, SAW432, India, 1995, 2008
Ali, Intel, 14221, Germany, 1964, 2018
Ed, Google, 765HSQ, France, 1965, 2005
Ada, IBM, 980LGD, Canada, 1998, 2013
Jo, IBM, YTR IQW, France, 2006, 2014
Bill, ALD, 14226, Germany, 1960, 1996
Ali, Facebook, HQW 234, USA, 1964, 1977
Lee, Facebook, 456789, India, 1964, 2004
Bob, ALD, 765HSQ, Germany, 1991, 2005
Ali, ALD, 8F8HUi, France, 1986, 2000
Ada, VolksWagon, HQW 234, Germany, 1996, 1996
Will, Facebook, 71653452, France, 1995, 2014
Bill, IBM, 71653452, Germany, 1971, 2001
Ed, ALD, LLL543, India, 2009, 2012
Will, Intel, LLL543, Germany, 1995, 2009
Will, ALD, 980LGD, Canada, 2016, 2016
Bob, IBM, 567890776, France, 1969, 1979
Bill, ALD, 123HDA, Germany, 2008, 2011
Jo, Google, 14228, Germany, 1990, 2000
Jo, Intel, 456789, France, 2016, 2017
Jo, Intel, 765HSQ, Germany, 1973, 1997
Ada, Facebook, H3H 11Q, Germany, 2019, 2019
Ali, Intel, 765HSQ, USA, 1965, 1980
Rob, Google, 71653452, India, 2010, 2014
Bob, IBM, 654322123, Germany, 2011, 2011
Ada, Google, ATT HVX, India, 2003, 2006